package,start_time,end_time
bodytrack,22-04-01 21:39:48,22-04-01 21:39:49
canneal,22-04-01 21:39:54,22-04-01 21:39:56
dedup,22-04-01 21:40:01,22-04-01 21:40:03
facesim,22-04-01 21:40:08,22-04-01 21:40:16
ferret,22-04-01 21:40:21,22-04-01 21:40:22
fluidanimate,22-04-01 21:40:27,22-04-01 21:40:28
freqmine,22-04-01 21:40:33,22-04-01 21:40:34
streamcluster,22-04-01 21:40:39,22-04-01 21:40:50
swaptions,22-04-01 21:40:55,22-04-01 21:40:56
vips,22-04-01 21:41:01,22-04-01 21:41:02
x264,22-04-01 21:41:07,22-04-01 21:41:08
